-- MySQL dump 10.13  Distrib 8.0.21, for Linux (x86_64)
--
-- Host: localhost    Database: sopi
-- ------------------------------------------------------
-- Server version	8.0.21-0ubuntu0.20.04.4

/*!40101 SET @OLD_CHARACTER_SET_CLIENT=@@CHARACTER_SET_CLIENT */;
/*!40101 SET @OLD_CHARACTER_SET_RESULTS=@@CHARACTER_SET_RESULTS */;
/*!40101 SET @OLD_COLLATION_CONNECTION=@@COLLATION_CONNECTION */;
/*!50503 SET NAMES utf8mb4 */;
/*!40103 SET @OLD_TIME_ZONE=@@TIME_ZONE */;
/*!40103 SET TIME_ZONE='+00:00' */;
/*!40014 SET @OLD_UNIQUE_CHECKS=@@UNIQUE_CHECKS, UNIQUE_CHECKS=0 */;
/*!40014 SET @OLD_FOREIGN_KEY_CHECKS=@@FOREIGN_KEY_CHECKS, FOREIGN_KEY_CHECKS=0 */;
/*!40101 SET @OLD_SQL_MODE=@@SQL_MODE, SQL_MODE='NO_AUTO_VALUE_ON_ZERO' */;
/*!40111 SET @OLD_SQL_NOTES=@@SQL_NOTES, SQL_NOTES=0 */;

--
-- Table structure for table `berita`
--

DROP TABLE IF EXISTS `berita`;
/*!40101 SET @saved_cs_client     = @@character_set_client */;
/*!50503 SET character_set_client = utf8mb4 */;
CREATE TABLE `berita` (
  `id_berita` int NOT NULL AUTO_INCREMENT,
  `judul_berita` varchar(255) CHARACTER SET utf8mb4 COLLATE utf8mb4_0900_ai_ci NOT NULL,
  `gambar` varchar(225) DEFAULT NULL,
  `deskripsi` text,
  `id_kategori` int NOT NULL,
  PRIMARY KEY (`id_berita`),
  KEY `id_kategori` (`id_kategori`),
  CONSTRAINT `berita_ibfk_1` FOREIGN KEY (`id_kategori`) REFERENCES `kategori` (`id`)
) ENGINE=InnoDB AUTO_INCREMENT=41 DEFAULT CHARSET=utf8mb4 COLLATE=utf8mb4_0900_ai_ci;
/*!40101 SET character_set_client = @saved_cs_client */;

--
-- Dumping data for table `berita`
--

LOCK TABLES `berita` WRITE;
/*!40000 ALTER TABLE `berita` DISABLE KEYS */;
INSERT INTO `berita` VALUES (24,'Termasuk Cristiano Ronaldo, 7 Pemain Juventus Diselidiki usai Langgar Protokol Covid-19','http://localhost/endonewsia/public/img/juve.jpg','<p> Liputan6.com, Turin - Tujuh pemain Juventus dalam investigasi. Itu setelah ketujuh pemain tersebut diduga melanggar protokol kesehatan soal covid-19. </p>\r\n\r\n<p> Seperti dilansir Football Italia, para pemain semestinya tidak keluar tempat isolasi (bubble) setelah dua orang staf Juventus dinyatakan positif covid-19. Hal tersebut diketahui dua pekan lalu.</p>\r\n\r\n<p>Namun tujuh pemain malah melanggar protokol itu. Ketujuh pemain tersebut adalah Rodrigo Bentancur, Juan Cuadrado, Danilo, Paulo Dybala, Merih Demiral, Cristiano Ronaldo, dan Gianluigi Buffon.</p>\r\n\r\n<p>Kecuali Buffon, keenam pemain tersebut keluar lantaran membela tim nasional masing-masing. Buffon sendiri keluar hotel untuk pulang ke rumah.</p>\r\n\r\n<p>\r\nPresiden Juventus, Andrea Agnelli membantah tudingan itu. Ia bersikukuh para pemain telah mematuhi protokol yang berlaku.\r\n</p>\r\n\r\n<p>\"Kami memasuki bubble pada Sabtu dan kami masuk isolasi wajib karena tidak bermain,\" kata Agnelli.</p>\r\n\r\n<p>\"Kami bilang kepada pemain yang ingin bisa pulang ke rumah untuk isolasi mandiri. Peraturannya tidak dilanggar,\" katanya menambahkan.</p>\r\n\r\n<p>Agnelli mengatakan, para pemain juga sudah semestinya membela tim nasional masing-masing. Pasalnya, mereka termasuk masyarakat bebas.</p>\r\n\r\n<p>\"Mereka bisa memutuskan untuk pergi dan mereka masyarakat bebas. Saya tidak mengerti kenapa harus melarang Ronaldo membela tim nasional,\" katanya.</p>\r\n\r\n<strong>Ronaldo Positif</strong>\r\n\r\n<p>Sementara itu, Cristiano Ronaldo sendiri telah dinyatakan positif covid-19. Pernyataan itu keluar setelah pertandingan Portugal vs Prancis tengah pekan lalu.</p>\r\n\r\n<p>Ronaldo saat ini tengah menjalani isolasi mandiri di rumahnya.</p>',9),(25,'Indonesia Timur Paling Berpotensi Kena Banjir di Puncak Musim Hujan dan La Nina','http://localhost/endonewsia/public/img/cuaca.jpg','<p>Liputan6.com, Jakarta - Indonesia yang tengah bergulat melawan krisis pandemi Covid-19 harus kembali bersiaga menghadapi bencana lain. Sejumlah wilayah di Nusantara wajib bersiap menghadapi ancaman banjir akibat puncak musim hujan dan fenomena La Nina pada Oktober-November 2020.</p>\r\n\r\n<p>Direktur Jenderal Sumber Daya Air (SDA) Kementerian Pekerjaan Umum dan Perumahan Rakyat (PUPR), Jarot Widyoko, mengaku telah berdiskusi dengan Badan Meteorologi, Klimatologi dan Geofisika (BMKG) terkait potensi banjir ke depan.</p>\r\n\r\n<p>Menurut ramalan BMKG, ia mengatakan, puncak musim hujan akan datang mulai November 2020 hingga April 2021. Menghadapi situasi ini, Jarot mengutarakan, kawasan Indonesia Timur lebih berisiko terkena banjir dibanding wilayah adat.</p>\r\n\r\n<p>\"Dari hasil ralat kemarin, itu memang daerah timur yang potensi banjirnya agak tinggi. Sedangkan di Sumatera itu agak kurang. Tetapi berapa potensi (tingginya curah) hujan berapa, itu nanti yang lebih mengetahui BMKG,\" kata Jarot dalam sesi teleconference, Jumat (16/10/2020).</p>\r\n\r\n<p>Mengutip prediksi Badan Meteorologi, Klimatologi dan Geofisika (BMKG), Jarot menyampaikan prakiraan puncak musim hujan di beberapa daerah di Indonesia. Seperti untuk Kalimantan, yakni antara Desember 2020 sampai Januari 2021.</p>\r\n\r\n<p>Kemudian di Sulawesi, dimana intensitas hujan tertinggi akan terjadi pada Januari-April 2021. Lalu Sumatera pada November 2020, Jawa serta Bali dan Nusa Tenggara pada Februari 2021, Papua di Desember 2020, dan Maluku di Januari 2021.\r\nGuna mengantisipasi potensi banjir, Jarot meminta partisipasi masyarakat untuk menanganinya. Terlebih dengan adanya potensi peningkatan curah hujan sebagai dampak dari fenomena La Nina. </p>\r\n\r\n<p>\"Apalagi ke depan dengan prediksi adanya La Nina, intensitas hujan akan bertambah 30-40 persen. Hadapi ini Kementerian PUPR tak bisa sendiri, harus ada persiapan, termasuk kesiapsiagaan dari kementerian yang lain. Masyarakat sendiri juga harus disosialisasikan dan tahu apa yang bisa dilakukan sebelum terjadi ini,\" imbuhnya. </p>\r\n\r\n<p>Jarot pun menggarisbawahi, sejumlah daerah semakin rawan terkena banjir lantaran beberapa faktor. Seperti semakin sempitnya daerah tangkapan air (catchment area) hingga perubahan aliran air (run off). Itu semua terjadi akibat pertumbuhan pembangunan dan jumlah penduduk yang kian masif. </p>\r\n\r\n<p>\"Yang tadinya hujan turun masuk ke dalam bumi, ada pembangunan rumah dan lain-lain lahan terusik. Pada saat hujan turun, dia tidak sempat masuk ke dalam bumi karena lapisannya sudah diperkeras, paving, beton, dan lain-lain. Jadi hujan turun masuk ke selokan dan itu pasti mengalir ke sungai,\" tuturnya. </p>',10),(26,'Redmi K30S Muncul di Tenaa','http://localhost/endonewsia/public/img/redmi.jpg','<p>Liputan6.com, Jakarta - Perusahaan telekomunikasi China Mobile dilaporkan tak sengaja mengungkapkan bahwa Xiaomi berencana merilis ulang Mi 10T sebagai Redmi K30S. Kini bocoran tentang K30S beredar di internet.</p>\r\n\r\n<p>Dilansir dari GSM Arena, Jumat (16/10/2020), Redmi K30S muncul di situs web Tenaa. Selain sejumlah spesifikasinya, juga terdapat gambar Redmi K30S dari berbagai sisi.</p>\r\n\r\n<p>Berdasarkan keterangan, smartphone tersebut memiliki nomor model M2007J3SC. Spesifikasinya antara lain kamera utama 64MP. Ada kemungkinan varian Redmi K30S Pro juga akan hadir dengan kamera 108MP seperti Mi 10T Pro.</p>\r\n\r\n<p>Selain itu, Redmi K30S juga akan memiliki tiga varian RAM, 6, 8 dan 12GB, serta tiga opsi memori internal yakni 128, 256, dan 512GB.</p>\r\n\r\n<p>Smartphone tersebut juga memiliki baterai 4.900 mAh, layar LCD 6,67 inci dengan resolusi Full HD+, dan pemindai sidik jari di sisi kanan perangkat.</p>',11),(27,'Bukan dari Thailand, Ini 10 Keluarga Kerajaan Terkaya Sejagat Raya','http://localhost/endonewsia/public/img/kamera.jpg','<p>Liputan6.com, Jakarta - Raja Maha Vajiralongkorn dari Thailand menduduki posisi teratas sebagai pemimpin monarki terkaya sejagad raya. Kendati demikian jika dikalkulasikan, keluarga kerajaan Negeri Gajah Putih tak menempati urutan pertama sebagai yang paling tajir sedunia.</p>\r\n\r\n<p>Dari Eropa hingga Timur Tengah, berikut ini sepuluh keluarga kerajaan terkaya di planet Bumi, dikutip dari LoveMoney.com, Jumat (16/10/2020):</p>\r\n\r\n<p>Salah satu dari hanya dua keluarga kerajaan Eropa masuk daftar ini. Dinasti Kerajaan Liechtenstein menempati posisi nomor sepuluh dengan perkiraan kekayaan bersih $ 4,4 miliar (£ 3,4 miliar), menurut angka Indeks Bloomberg dari 2017.\r\nBagian terbesar dari kekayaan keluarga terletak pada Pangeran Hans-Adam II, raja yang memerintah.</p>\r\n\r\n<p>Hans-Adam II adalah yang terbaru dari barisan panjang raja yang telah memerintah atas kerajaan kecil Alpen sejak pembentukannya sebagai negara berdaulat pada tahun 1806. Kerajaan pemberi dana, yang tidak membayar pajak, memperoleh sebagian besar kekayaannya dari LTG Group, bank pribadi keluarga, yang dia kendalikan melalui yayasan.</p>\r\n\r\n<p>Selain bank, Prince of Liechtenstein Foundation memimpin portofolio properti bernilai tinggi, perusahaan yang berkembang pesat, dan investasi menguntungkan lainnya, belum lagi koleksi seni kelas dunia yang menampilkan mahakarya oleh Raphael, Rembrandt dan Van Dyck. Baru-baru ini, Pangeran Hans-Adam II menjadi berita utama karena kalah dalam kasus pengadilan atas kepemilikan properti yang telah disita oleh Cekoslowakia setelah Perang Dunia Kedua.</p>\r\n\r\n<p>Pengadilan memutuskan bahwa tanah yang disengketakan seharusnya menjadi milik Ceko dan diserahkan kembali.</p>',12),(28,'BERANI BERUBAH: Jasa Cukur Keliling Penyambung Hidup Saat Pandemi','http://localhost/endonewsia/public/img/cukur.jpg',' <p>Liputan6.com, Jakarta- Aturan jaga jarak membuat masyarakat enggan beraktivitas. Semua hal yang bukan kebutuhan dasar lantas dikesampingkan. Siapa sangka, bahkan untuk memotong rambut pun banyak yang memilih melakukannya sendiri di rumah. </p>\r\n\r\n<p>Beginilah kenyataan akibat pandemi Covid-19. Rezeki terputus, Muhammad Fikri Nurahman tak mengira dirinya bisa diam sama sekali tanpa pekerjaan.</p>\r\n\r\n<p>Bagaimana tidak, barbershop tempatnya bekerja di Depok harus tutup karena tak ada yang datang. Padahal, menjadi seorang tukang cukur adalah satu-satunya keahlian yang sudah diandalkannya sejak tahun 2011.</p> \r\n\r\n<p>Kembali ke kampung halaman, 4 bulan tanpa penghasilan. Fikri akhirnya sadar dia tak bisa hanya diam. Dirinya harus Berani Berubah guna memutar nasib. Salon ditutup, dia pun yang akhirnya keliling menawarkan jasa cukur di Garut.</p>\r\n\r\n<p>“Soalnya belum lumrah gitu di Garut itu untuk cukur panggilan, belum lumrah,” ungkap Fikri kepada Tim Berani Berubah.</p>\r\n\r\n<p>“Nah, di situ juga saya agak sedikit bingung, bagaimana caranya untuk warga-warga di sekitaran Garut itu mengetahui ada tukang cukur yang bisa dipanggil. Dan pas juga itu, pas di Garut juga itu terjadi PSBB juga. Kebetulan wilayah di Garut semua gak boleh keluar rumah juga,” sambungnya.</p>\r\n\r\n<p>Fikri kemudian berpikir untuk membuat brosur yang menawarkan jasa cukur kelilingnya, lengkap dengan penjelasan protokol kesehatan yang akan dilakukan dia selama mencukur rambut pelanggan.</p>',13),(29,'Mengunjungi Fuefuki, Kota Penghasil Persik dan Anggur Nomor 1 di Jepang','http://localhost/endonewsia/public/img/apel.jpeg','<p>Liputan6.com, Jakarta - Prefektur Yamanashi di Jepang, selain dikenal sebagai rumah bagi Fujisan, sebutan warga setempat bagi Gunung Fuji, wilayah itu juga terkenal sebagai Kerajaan Buah-nya Jepang. Pusatnya berada di Kota Fuefuki yang berjarak sekitar 30 meter dari Gunung Fuji.</p>\r\n\r\n<p>Berada di ketinggian 261 mdpl, Lebih dari 58 persen luasan kota merupakan kawasan hutan. Tak heran bila Fuefuki cenderung sejuk dengan suhu tertinggi terjadi sekitar Agustus, mencapai 22,8 derajat Celcius.</p>\r\n\r\n<p>Kota ini terkenal sebagai kota penghasil persik dan anggur nomor 1 di Jepang. Dikutip dari laman peach-city.com, semua itu berkat tanah yang subur, sistem drainase yang baik, dan memiliki waktu siang yang panjang sehingga terjadi perbedaan suhu yang besar antara siang dan malam.</p>\r\n\r\n<p>\"Hal tersebut membuat daerah ini menjadi lokasi yang tepat untuk bercocok tanam,\" demikian keterangan laman tersebut, dikutip Jumat (16/10/2020).</p>\r\n\r\n<p>Nyaris sepanjang tahun selalu ada buah yang dipanen dengan jenis bermacam-macam. Tak hanya persik dan anggur yang menjadi komoditas utama, tetapi juga ada stroberi, plum, dan kesemek. Wisatawan perlu mengecek terlebih dulu masa panen masing-masing buah jika ingin menikmati hasil panen asli Yamanashi ini.</p>\r\n\r\n<p>Sebagai gambaran, pada musim semi atau sekitar April, Fuefuki akan dihiasi bunga-bunga persik dan seluruh area akan diselimuti warna merah jambu yang indah. Sementara, pertengahan Oktober adalah waktu yang tepat untuk menikmati penghujung musim anggur. Sebelum pandemi Covid-19 melanda, mereka yang datang tak hanya warga lokal, tetapi juga turis asing.</p>',14),(30,'Renault Kwid Versi Listrik Siap Meluncur, Simak Spesifikasinya','http://localhost/endonewsia/public/img/mobil.jpg','<p>Liputan6.com, Jakarta - Resmi diperkenalkan untuk pasar otomotif Eropa, Dacia Spring Electric akan mulai dijual musim semi tahun depan. Menggunakan basis Renault Kwid, mobil ramah lingkungan ini diklaim memiliki beragam keunggulan.</p>\r\n\r\n<p>Memiliki beberapa perubahan dibandingkan versi mesin, terlihat adanya lampu depan LED otomatis, lampu belakang dengan fitur pencahayaan Dacia Y dan paket kaca spion, palang atap, serta bagian gril berwarna oranye.</p>\r\n\r\n<p>Seperti dilansir Motorbeam, Dacia Spring Electric mampu menampung empat orang dewasa dan memiliki speedometer berukuran 3,5 inci sebagai opsi. Selain itu, tersedia juga layar sentuh 7 inci dengan radio DAB, Android Auto, Apple CarPlay, Bluetooth, dan kontrol suara.</p>\r\n\r\n<p>Selain memiliki panjang 3.734 mm, lebar 1.770 mm, dan tinggi 1.516 mm, mobil listrik ini memiliki jarak sumbu roda 2.423 mm dan ground clearance 150 mm.</p>\r\n\r\n<p>Menggunakan baterai berukuran 26,8 kWh, tenaga yang dihasilkan mencapai 44 Tk dan torsi 125 Nm. Dengan baterai tersebut daya jangkau keseluruhan mobil mencapai 225 kilometer dan 295 kilometer dengan pilihan WLTP City.</p>\r\n\r\n<p>Kecepatan tertinggi mobil ini mencapai 125 kilometer per jam. Untuk menghemat daya, pengemudi bisa menggunakan mode ECO yang mampu mengurangi tenaga hingga 31 Tk dan kecepatan tertinggi hanya 100 kilometer per jam.</p>',16),(31,'Menlu Inggris Kecam Aksi Rusia Sebar Berita Palsu soal Vaksin Covid-19 AstraZeneca','http://localhost/endonewsia/public/img/obat.jpg',' <p>Liputan6.com, Jakarta - Menteri Luar Negeri Inggris, Dominic Raab mengaku sangat kesal dengan berita palsu yang disebarkan Rusia terkait vaksin covid-19. Ia menyebut hoaks tersebut bisa merusak kepercayaan pada pengembangan vaksin itu sendiri.</p>\r\n\r\n<p>Sebelumnya, Rusia mengeluarkan beberapa foto yang menyudutkan vaksin covid-19 asal Inggris yang dibuat AstraZeneca bekerjasama dengan Oxford University. Rusia menyebut vaksin buatan Inggris bisa membuat orang menjadi monyet.</p>\r\n\r\n<p>Rusia sendiri bukan tanpa alasan menyebar hoaks soal vaksin covid-19 dari negara lain. Pasalnya mereka juga akan menjual vaksin sendiri bernama Sputnik V.</p>\r\n\r\n<p>\"Kami tahu bahwa Rusia memiliki rekam jejak dalam menggunakan disinformasi sebagai alat kebijakan luar negeri, tetapi sebenarnya setiap upaya untuk menyebarkan kebohongan tentang covid-19, dan vaksin pada khususnya, ketika kami mencoba untuk bersatu sebagai komunitas internasional untuk menyelesaikannya. pandemi global benar-benar menyedihkan,\" ujar Raab seperti dilansir BBC.</p>\r\n\r\n<p>\"Saya pikir ini hoaks yang tidak bermutu tetapi punya efek yang serius. Sebab bisa menganggu upaya kita menemukan vaksin covid-19 yang aman.\"</p>',15),(34,'Pakai Formula PP Pengupahan, UMP 2021 Siap-Siap Tak Naik','http://localhost/endonewsia/public/img/buruh.jpg','<p>Liputan6.com, Jakarta - Upah Minimum Provinsi (UMP) 2021 kemungkinan tidak akan mengalami kenaikan. Hal ini merujuk pada ketentuan dalam PP 78/2015, dimana perhitungan UMP didasarkan pada perkembangan inflasi dan pertumbuhan ekonomi tahunan.</p>\r\n\r\n<p>“Jadi untuk UMP tahun depan masih mengacu pada PP 78/2015. Rumusannya adalah UMP tahun berjalan dikali dengan inflasi dan pertumbuhan ekonomi tahun 2020,” ujar Ketua Umum DPD Himpunan Pengusaha Pribumi Indonesia (HIPPI) DKI Jakarta Sarman Simanjorang kepada Liputan6.com, Sabtu (17/10/2020).</p>\r\n\r\n<p>Sementara dalam kondisi pandemi covid-19 ini, Indonesia telah mencatatkan kontraksi pada kuartal II, yang bahkan diprediksi berlanjut hingga kuartal IV 2020. Begitu pula daengan inflasi, Badan Pusat Statistik (BPS) mengumumkan deflasi 3 kali berturut-turut sejak Juli hingga September 2002.</p>\r\n\r\n<p>Di sisi lain, Sarman mengaku dunia usaha sudah cukup tertekan selama pandemi covid-19 berlangsung. Dimana cashflow perusahaan turut terganggu.</p>\r\n\r\n<p>“Jadi, disamping rumusnya (dalam PP 78/2015) memang seperti itu, yang kedua juga memang kondisi ekonomi kita dan dunia usaha juga seperti yang saat ini. Jadi kita lihat memang sesuai dengan rumusan yang ada, pertumbuhan ekonomi kita yang seperti ini, ya UMP tahun depan mungkin tidak ada kenaikan,” kata Sarman.</p>\r\n\r\n',8),(35,'Cegah Klaster Demo, Polda Banten Bagikan 100 Ribu Masker untuk Massa Aksi','http://localhost/endonewsia/public/img/demo.jpg','<p>Liputan6.com, Serang - Sepanjang demonstrasi sejak 6 Oktober hingga 15 Oktober 2020, Polda Banten sudah membagikan sekitar 100 ribu masker kepada massa aksi. Tujuannya, agar kegiatan penyampaian pendapat bisa dilakukan, tetapi tidak menciptakan klaster baru penularan covid-19.</p>\r\n\r\n<p>Pembagian masker dilakukan oleh pemerintah, TNI, dan Polri, kepada buruh dan mahasiswa yang menggelar aksi demo.</p>\r\n\r\n<p>\"Pemerintah bersama TNI, Polri, lagi demo gini kadang-kadang caci maki kita, kita tetap bagi masker, total sekitar 100 ribu. Maksudnya kegiatan penyampaian pendapat tetap berjalan, tapi protokol kesehatan tetap kita pedomani dengan memakai masker salah satunya, untuk mencegah penularan, yang kita tidak tahu antara kita ini ada yang OTG atau tidak dan menularkan virus ke yang lainnya,\" kata Kapolda Banten, Irjen Pol Fiandar, di Mapolda Banten, Jumat (16/10/2020).</p>\r\n\r\n<p>Kapolda berencana mengajak dialog mahasiswa dan buruh yang menolak pengesahan Undang-undang (UU) Cipta Kerja (Ciptaker). Menurutnya, penolakan terjadi karena minimnya informasi dan perbedaan persepsi. Jika dialog terjadi, diharapkan gesekan antara yang pro dan kontra bisa diminimalisasi dan arus informasi bisa sampai dengan tepat.</p>\r\n\r\n<p>Jika itu bisa dilakukan, harapannya, aksi massa tidak terjadi lagi di wilayah hukum Polda Banten, yang mencakup Kota Cilegon, Kabupaten Serang, Kota Serang, Kabupaten Lebak, Kabupaten Pandeglang, dan sebagian Kabupaten Tangerang.</p>\r\n\r\n<p>\"Semua yang terkait dan ada hubungan perbedaan, diharapkan dialog dulu lah. Yang tidak setuju dengan program tertentu dialog, mungkin keterbukaan, kekurangan informasi yang membuat mereka buntu, setelah diberikan informasi jelas dan tidak perlu melakukan hal-hal yang sebetulnya setelah diberikan informasi tidak perlu membawa massa,\" terangnya.</p>\r\n\r\n<p>Kalaupun masih tidak menemui kesepakatan atau persepsi yang sama, pihak yang menolak penetapan UU omnibus law bisa menempuh jalur hukum, dengan melakukan judicial review (JR) ke Mahkamah Konstitusi (MK).</p>\r\n\r\n<p>Jika melakukan demonstrasi, menurut Kapolda, bisa merugikan masyarakat umum dan roda perekonomian. Saat ini, Indonesia sedang mengalami resesi ekonomi akibat badai pandemi covid-19.</p>\r\n\r\n<p>\"Bahwa menyelesaikan masalah itu tidak harus dengan kekerasan, (bisa dengan) dialog secara beradab, secara beretika, kalaupun buntu kita selesaikan secara hukum yang ada. Yang kemarin itu UU omnibus law masih ada salurannya, lewat judicial review, jadi sebetulnya tidak usah pakai otot, apalagi melakukan perusakan, penganiayaan, bentrok, tidak perlu, mubazir, rugi kita semua,\" ujarnya.</p>',10),(36,'Prediksi Susunan Pemain Inter vs AC Milan: Nerazzurri Pincang, Rossoneri Impresif','http://localhost/endonewsia/public/img/acmilan.jpg','<p>Liputan6.com, Jakarta Inter Milan akan menghadapi rival sekota AC Milan dalam laga lanjutan Liga Italia di Stadion Giuseppe Meazza, Sabtu (17/10/2020). Laga bertajuk Derby della Madonnina ini, diperkirakan kembali akan berlangsung ketat dan sengit.</p>\r\n\r\n<p>Namun, Inter sepertinya harus bekerja keras meladeni AC Milan. Pasalnya, beberapa pemain mereka memiliki masalah kesehatan.</p>\r\n\r\n<p>Full-back veteran Ashley Young, kiper Ionut Radu, gelandang Radja Nainggolan dan Roberto Gagliardini, serta bek tengah Milan Skriniar dan Alessandro Bastoni semuanya dinyatakan positif mengidap virus corona. Gelandang Matias Vecino absen karena cedera, sementara Stefano Sensi diskors.</p>\r\n\r\n<p>Namun, Inter masih memiliki pasangan maut di lini depan Romelu Lukaku dan Lautaro Martinez. Dengan begitu mereka setidaknya akan berharap bisa mencetak gol dan memenankan pertandingan dalam edisi derby Italia yang paling menjanjikan.</p>\r\n\r\n<p>Dengan persiapan Inter yang kacau balau karena sejumlah masalah dengan bintang-bintangnya, seperti terlambat datangnya Martinez, Arturo Vidal dan Alexis Sanchez dari tugas internasional, kemenangan beruntun empat hari derby Nerazzuri di Serie A berpotensi berakhir di tangan AC Milan.</p>',9),(37,'Bruno Fernandes Diperebutkan Real Madrid dan Barcelona','http://localhost/endonewsia/public/img/mu.jpg','<p>Liputan6.com, Manchester - Bruno Fernandes langsung menjadi bagian penting Manchester United sejak tiba dari Sporting Lisbon pada Januari 2020. Gelandang 26 tahun tersebut mencetak 14 gol dan mencatatkan 10 assist dalam 26 penampilan di semua kompetisi.</p>\r\n\r\n<p>Tapi, ada kabar yang menyebutkan Bruno Fernandes mulai kehilangan kepercayaan pada Manajer Manchester United Ole Gunnar Solskjaer. Selain itu, pemain asal Portugal tersebut juga tak senang dengan strategi transfer klub di musim panas.</p>\r\n\r\n<p>Menurut media Inggris, situasi Fernandes di Old Trafford sedang dipantau Real Madrid dan Barcelona. Dua klub raksasa Spanyol itu siap bertarung untuk mendapatkannya di tengah klaim bahwa Fernandes siap pindah di akhir musim 2020/21.</p>\r\n\r\n<p>Bruno Fernandes kecewa diganti pada babak kedua saat Manchester United kalah 1-6 dari Tottenham Hotspur sebelum jeda internasional. Solskjaer dipaksa merombak skuatnya setelah Anthony Martial diganjar kartu merah.</p>',9),(38,'Korean Cultural Center Indonesia Gelar Lomba Memperingati Hari Hangeul ke-574','http://localhost/endonewsia/public/img/korea.jpg','<p>Liputan6.com, Jakarta - Untuk memperingati Hari Hangeul (Huruf Korea) ke-574 yang diperingati setiap pada 9 Oktober, Pusat Kebudayaan Korea di Indonesia atau Korean Cultural Center Indonesia (KCCI), di bawah pimpinan Direktur Kim Yong Woon menyelenggarakan beragam acara. Acara dan kompetisi ini untuk merayakan Hangeul menjadi bagian dalam rangkaian Bulan Kebudayaan Korea “K-Festival 2020”</p>\r\n\r\n<p>Rangkaian kompetisi acara dimulai sejak bulan Agustus 2020 dengan penyelenggaraan kontes K-Calligraphy. Para peserta kontes membuat kaligrafi dengan kalimat dari sebuah syair berjudul “Bunga Rumput” karya Na Tae-Joo.</p>\r\n\r\n<p>Dari rilis yang diberikan kepada Liputan6.com, Sabtu (17/10/2020), dari 391 karya yang didaftarkan dalam dua kompetisi kategori, anak & remaja dan dewasa, terpilihlah sebanyak 14 karya sebagai pemenang. Penilai dilakukan oleh Korea Calligraphy Association untuk Indonesia.</p>\r\n',12),(39,'Soal UMP 2021, Ini Kabar Terbaru dari Kemnaker','http://localhost/endonewsia/public/img/uang.jpg','<p>Liputan6.com, Jakarta - Pemerintah melalui Kementerian Ketenagakerjaan belum dapat memastikan apakah akan ada kenaikan upah minimum pada 2021. Hal ini masih terus menjadi pembahasan, pasalnya pihak pekerja meminta untuk ada kenaikan upah minimum.</p>\r\n\r\n<p>Sedangkan dari sisi pengusaha meminta pengertian atas kondisi dunia usaha yang saat ini engah terpukul akibat covid-19 yang tidak memungkinkan untuk adanya kenaikan upah. Meski jika ditelisik lebih jauh, keduanya sama-sama terimbas.\r\n“Itu masih dibahas. Semalam pembahasan dengan dewan pengupahan masih dua suara,” ujar Direktur Pengupahan Kemnaker Dinar Titus Jogaswitani kepada Liputan6.com.</p>\r\n\r\n<p>Dinar menjelaskan bahwa belum ada titik temu, sebab baik pekerja dan pengusaha memiliki kemauan yang berbeda. “Sama-sama kuat. Pekerja dan pengusaha maunya berbeda,” kata dia.</p>\r\n\r\n<p>Dalam kesempatan yang lain, Ketua Umum DPD Himpunan Pengusaha Pribumi Indonesia (HIPPI) DKI Jakarta, Sarman Simanjorang menjelaskan ketentuan tentang upah minimum 2021 yang masih mengacu pada PP 78/2015. Dimana perhitungan UMP didasarkan pada perkembangan inflasi dan pertumbuhan ekonomi tahunan.</p>\r\n\r\n<p>“Nah kalau berdasarkan PP itu, maka tidak ada kenaikan UMP karena (pertumbuhan ekonomi) minus. Jadi artinya bukan pengusaha tidak mau naik, tapi memang rumusnya seperti itu,” kata dia.</p>\r\n\r\n<p>Sementara, Presiden Konfederasi Serikat Pekerja Indonesia (KSPI) Said Iqbal mengatakan, buruh Indonesia meminta agar upah minimum tahun 2021 naik. Menurutnya, kenaikan upah yang ideal adalah sebesar 8 persen. Hal ini didasarkan pada kenaikan upah rata-rata selama 3 tahun terakhir.\r\n\r\nBerkaca pada krisis sebelumnya, Iqbal menyebutkan masih ada kenaikan UMP meski kondisi ekonomi tengah minus.</p>\r\n\r\n<p>“Jadi tidak ada alasan upah minimum tahun 2020 ke 2021 tidak ada kenaikan karena pertumbuhan ekonomi sedang minus. Saat Indonesia mengalami krisis 1998, di mana pertumbuhan ekonomi minus di kisaran 17 persen tapi upah minimum di DKI Jakarta kala itu tetap naik bahkan mencapai 16 persen,” ujarnya.</p>\r\n\r\n<p>Lebih lanjut, Iqbal menekankan bagi perusahaan yang masih mampu, harus menaikkan upah minimum. Lalu untuk perusahaan yang memang tidak mampu, undang-undang sudah menyediakan jalan keluar dengan melakukan penangguhan upah minimum. </p>',8);
/*!40000 ALTER TABLE `berita` ENABLE KEYS */;
UNLOCK TABLES;

--
-- Table structure for table `kategori`
--

DROP TABLE IF EXISTS `kategori`;
/*!40101 SET @saved_cs_client     = @@character_set_client */;
/*!50503 SET character_set_client = utf8mb4 */;
CREATE TABLE `kategori` (
  `id` int NOT NULL AUTO_INCREMENT,
  `kategori` varchar(255) NOT NULL,
  PRIMARY KEY (`id`)
) ENGINE=InnoDB AUTO_INCREMENT=17 DEFAULT CHARSET=utf8mb4 COLLATE=utf8mb4_0900_ai_ci;
/*!40101 SET character_set_client = @saved_cs_client */;

--
-- Dumping data for table `kategori`
--

LOCK TABLES `kategori` WRITE;
/*!40000 ALTER TABLE `kategori` DISABLE KEYS */;
INSERT INTO `kategori` VALUES (8,'Ekonomi'),(9,'Bola'),(10,'Indonesia'),(11,'Teknologi'),(12,'Dunia'),(13,'Edukasi'),(14,'Travel'),(15,'Fakta'),(16,'Otomotif');
/*!40000 ALTER TABLE `kategori` ENABLE KEYS */;
UNLOCK TABLES;

--
-- Table structure for table `user`
--

DROP TABLE IF EXISTS `user`;
/*!40101 SET @saved_cs_client     = @@character_set_client */;
/*!50503 SET character_set_client = utf8mb4 */;
CREATE TABLE `user` (
  `id` int NOT NULL AUTO_INCREMENT,
  `email` varchar(225) NOT NULL,
  `password` varchar(225) NOT NULL,
  PRIMARY KEY (`id`)
) ENGINE=InnoDB AUTO_INCREMENT=8 DEFAULT CHARSET=utf8mb4 COLLATE=utf8mb4_0900_ai_ci;
/*!40101 SET character_set_client = @saved_cs_client */;

--
-- Dumping data for table `user`
--

LOCK TABLES `user` WRITE;
/*!40000 ALTER TABLE `user` DISABLE KEYS */;
INSERT INTO `user` VALUES (4,'hnfhanif52@gmail.com','$2y$10$LafvoI9sN5IrfqilT2TtFu3kz.76yGWdWJqcFPmEKSl4hwL4l.hsC'),(7,'hnfhanif53@gmail.com','$2y$10$KqBKKw0BYLWB/HEJXiGbde0J8Ho8Mdw/hl/eanPCYkbpfJhH0bM1q');
/*!40000 ALTER TABLE `user` ENABLE KEYS */;
UNLOCK TABLES;
/*!40103 SET TIME_ZONE=@OLD_TIME_ZONE */;

/*!40101 SET SQL_MODE=@OLD_SQL_MODE */;
/*!40014 SET FOREIGN_KEY_CHECKS=@OLD_FOREIGN_KEY_CHECKS */;
/*!40014 SET UNIQUE_CHECKS=@OLD_UNIQUE_CHECKS */;
/*!40101 SET CHARACTER_SET_CLIENT=@OLD_CHARACTER_SET_CLIENT */;
/*!40101 SET CHARACTER_SET_RESULTS=@OLD_CHARACTER_SET_RESULTS */;
/*!40101 SET COLLATION_CONNECTION=@OLD_COLLATION_CONNECTION */;
/*!40111 SET SQL_NOTES=@OLD_SQL_NOTES */;

-- Dump completed on 2020-10-18  9:07:35
